Timestamp,Open,High,Low,Close
2014-01-01,,,,1205
2014-01-02,,,,1225
2014-01-03,,,,1235
2014-01-06,,,,1246
2014-01-07,,,,1228
2014-01-08,,,,1221
2014-01-09,,,,1226
2014-01-10,,,,1244
2014-01-13,,,,1248
2014-01-14,,,,1252
2014-01-15,,,,1236
2014-01-16,,,,1242
2014-01-17,,,,1250
2014-01-20,,,,1256
2014-01-21,,,,1238
2014-01-22,,,,1241
2014-01-23,,,,1263
2014-01-24,,,,1267
2014-01-27,,,,1261
2014-01-28,,,,1251
2014-01-29,,,,1264
2014-01-30,,,,1243
2014-01-31,,,,1251
2014-02-03,,,,1262
2014-02-04,,,,1250
2014-02-05,,,,1255
2014-02-06,,,,1257
2014-02-07,,,,1259
2014-02-10,,,,1277
2014-02-11,,,,1282
2014-02-12,,,,1290
2014-02-13,,,,1296
2014-02-14,,,,1320
2014-02-17,,,,1328
2014-02-18,,,,1321
2014-02-19,,,,1321
2014-02-20,,,,1316
2014-02-21,,,,1323
2014-02-24,,,,1335
2014-02-25,,,,1339
2014-02-26,,,,1332
2014-02-27,,,,1332
2014-02-28,,,,1327
2014-03-03,,,,1350
2014-03-04,,,,1335
2014-03-05,,,,1337
2014-03-06,,,,1345
2014-03-07,,,,1335
2014-03-10,,,,1344
2014-03-11,,,,1346
2014-03-12,,,,1366
2014-03-13,,,,1369
2014-03-14,,,,1385
2014-03-17,,,,1379
2014-03-18,,,,1356
2014-03-19,,,,1338
2014-03-20,,,,1327
2014-03-21,,,,1336
2014-03-24,,,,1311
2014-03-25,,,,1314
2014-03-26,,,,1304
2014-03-27,,,,1296
2014-03-28,,,,1295
2014-03-31,,,,1292
2014-04-01,,,,1284
2014-04-02,,,,1292
2014-04-03,,,,1284
2014-04-04,,,,1297
2014-04-07,,,,1299
2014-04-08,,,,1310
2014-04-09,,,,1302
2014-04-10,,,,1321
2014-04-11,,,,1318
2014-04-14,,,,1326
2014-04-15,,,,1298
2014-04-16,,,,1302
2014-04-17,,,,1299
2014-04-18,,,,1299
2014-04-21,,,,1299
2014-04-22,,,,1287
2014-04-23,,,,1285
2014-04-24,,,,1292
2014-04-25,,,,1301
2014-04-28,,,,1299
2014-04-29,,,,1298
2014-04-30,,,,1289
2014-05-01,,,,1279
2014-05-02,,,,1281
2014-05-05,,,,1281
2014-05-06,,,,1306
2014-05-07,,,,1296
2014-05-08,,,,1287
2014-05-09,,,,1291
2014-05-12,,,,1299
2014-05-13,,,,1297
2014-05-14,,,,1305
2014-05-15,,,,1299
2014-05-16,,,,1292
2014-05-19,,,,1302
2014-05-20,,,,1296
2014-05-21,,,,1287
2014-05-22,,,,1299
2014-05-23,,,,1292
2014-05-26,,,,1292
2014-05-27,,,,1276
2014-05-28,,,,1264
2014-05-29,,,,1255
2014-05-30,,,,1251
2014-06-02,,,,1247
2014-06-03,,,,1243
2014-06-04,,,,1245
2014-06-05,,,,1253
2014-06-06,,,,1248
2014-06-09,,,,1254
2014-06-10,,,,1260
2014-06-11,,,,1262
2014-06-12,,,,1266
2014-06-13,,,,1273
2014-06-16,,,,1276
2014-06-17,,,,1268
2014-06-18,,,,1270
2014-06-19,,,,1293
2014-06-20,,,,1313
2014-06-23,,,,1314
2014-06-24,,,,1319
2014-06-25,,,,1317
2014-06-26,,,,1312
2014-06-27,,,,1318
2014-06-30,,,,1315
2014-07-01,,,,1328
2014-07-02,,,,1327
2014-07-03,,,,1318
2014-07-04,,,,1319
2014-07-07,,,,1313
2014-07-08,,,,1323
2014-07-09,,,,1323
2014-07-10,,,,1340
2014-07-11,,,,1335
2014-07-14,,,,1306
2014-07-15,,,,1310
2014-07-16,,,,1301
2014-07-17,,,,1303
2014-07-18,,,,1307
2014-07-21,,,,1312
2014-07-22,,,,1310
2014-07-23,,,,1308
2014-07-24,,,,1293
2014-07-25,,,,1295
2014-07-28,,,,1305
2014-07-29,,,,1299
2014-07-30,,,,1295
2014-07-31,,,,1285
2014-08-01,,,,1291
2014-08-04,,,,1291
2014-08-05,,,,1285
2014-08-06,,,,1307
2014-08-07,,,,1305
2014-08-08,,,,1310
2014-08-11,,,,1307
2014-08-12,,,,1316
2014-08-13,,,,1312
2014-08-14,,,,1314
2014-08-15,,,,1296
2014-08-18,,,,1297
2014-08-19,,,,1297
2014-08-20,,,,1295
2014-08-21,,,,1275
2014-08-22,,,,1277
2014-08-25,,,,1277
2014-08-26,,,,1286
2014-08-27,,,,1283
2014-08-28,,,,1292
2014-08-29,,,,1286
2014-09-01,,,,1287
2014-09-02,,,,1267
2014-09-03,,,,1266
2014-09-04,,,,1272
2014-09-05,,,,1266
2014-09-08,,,,1259
2014-09-09,,,,1256
2014-09-10,,,,1251
2014-09-11,,,,1241
2014-09-12,,,,1232
2014-09-15,,,,1234
2014-09-16,,,,1232
2014-09-17,,,,1236
2014-09-18,,,,1221
2014-09-19,,,,1220
2014-09-22,,,,1214
2014-09-23,,,,1222
2014-09-24,,,,1217
2014-09-25,,,,1214
2014-09-26,,,,1214
2014-09-29,,,,1220
2014-09-30,,,,1217
2014-10-01,,,,1217
2014-10-02,,,,1212
2014-10-03,,,,1195
2014-10-06,,,,1196
2014-10-07,,,,1211
2014-10-08,,,,1217
2014-10-09,,,,1227
2014-10-10,,,,1219
2014-10-13,,,,1229
2014-10-14,,,,1235
2014-10-15,,,,1238
2014-10-16,,,,1238
2014-10-17,,,,1234
2014-10-20,,,,1245
2014-10-21,,,,1250
2014-10-22,,,,1244
2014-10-23,,,,1233
2014-10-24,,,,1233
2014-10-27,,,,1229
2014-10-28,,,,1229
2014-10-29,,,,1224
2014-10-30,,,,1202
2014-10-31,,,,1164
2014-11-03,,,,1168
2014-11-04,,,,1167
2014-11-05,,,,1142
2014-11-06,,,,1145
2014-11-07,,,,1155
2014-11-10,,,,1162
2014-11-11,,,,1157
2014-11-12,,,,1165
2014-11-13,,,,1162
2014-11-14,,,,1169
2014-11-17,,,,1183
2014-11-18,,,,1193
2014-11-19,,,,1196
2014-11-20,,,,1190
2014-11-21,,,,1204
2014-11-24,,,,1198
2014-11-25,,,,1199
2014-11-26,,,,1198
2014-11-27,,,,1195
2014-11-28,,,,1183
2014-12-01,,,,1194
2014-12-02,,,,1195
2014-12-03,,,,1205
2014-12-04,,,,1209
2014-12-05,,,,1194
2014-12-08,,,,1193
2014-12-09,,,,1227
2014-12-10,,,,1229
2014-12-11,,,,1216
2014-12-12,,,,1217
2014-12-15,,,,1209
2014-12-16,,,,1203
2014-12-17,,,,1196
2014-12-18,,,,1199
2014-12-19,,,,1196
2014-12-22,,,,1195
2014-12-23,,,,1176
2014-12-24,,,,1176
2014-12-25,,,,1176
2014-12-26,,,,1176
2014-12-29,,,,1186
2014-12-30,,,,1206
2014-12-31,,,,1206
2015-01-01,,,,1206
2015-01-02,,,,1172
2015-01-05,,,,1200
2015-01-06,,,,1210
2015-01-07,,,,1211
2015-01-08,,,,1216
2015-01-09,,,,1218
2015-01-12,,,,1227
2015-01-13,,,,1232
2015-01-14,,,,1235
2015-01-15,,,,1259
2015-01-16,,,,1278
2015-01-19,,,,1274
2015-01-20,,,,1289
2015-01-21,,,,1294
2015-01-22,,,,1296
2015-01-23,,,,1295
2015-01-26,,,,1281
2015-01-27,,,,1289
2015-01-28,,,,1288
2015-01-29,,,,1269
2015-01-30,,,,1260
2015-02-02,,,,1273
2015-02-03,,,,1264
2015-02-04,,,,1269
2015-02-05,,,,1259
2015-02-06,,,,1241
2015-02-09,,,,1239
2015-02-10,,,,1235
2015-02-11,,,,1224
2015-02-12,,,,1223
2015-02-13,,,,1233
2015-02-16,,,,1229
2015-02-17,,,,1210
2015-02-18,,,,1206
2015-02-19,,,,1210
2015-02-20,,,,1208
2015-02-23,,,,1205
2015-02-24,,,,1193
2015-02-25,,,,1205
2015-02-26,,,,1208
2015-02-27,,,,1214
2015-03-02,,,,1213
2015-03-03,,,,1213
2015-03-04,,,,1200
2015-03-05,,,,1202
2015-03-06,,,,1176
2015-03-09,,,,1169
2015-03-10,,,,1162
2015-03-11,,,,1150
2015-03-12,,,,1152
2015-03-13,,,,1152
2015-03-16,,,,1151
2015-03-17,,,,1151
2015-03-18,,,,1147
2015-03-19,,,,1166
2015-03-20,,,,1183
2015-03-23,,,,1186
2015-03-24,,,,1192
2015-03-25,,,,1196
2015-03-26,,,,1203
2015-03-27,,,,1196
2015-03-30,,,,1186
2015-03-31,,,,1187
2015-04-01,,,,1197
2015-04-02,,,,1199
2015-04-03,,,,1199
2015-04-06,,,,1199
2015-04-07,,,,1211
2015-04-08,,,,1207
2015-04-09,,,,1195
2015-04-10,,,,1207
2015-04-13,,,,1199
2015-04-14,,,,1195
2015-04-15,,,,1193
2015-04-16,,,,1204
2015-04-17,,,,1203
2015-04-20,,,,1197
2015-04-21,,,,1195
2015-04-22,,,,1189
2015-04-23,,,,1186
2015-04-24,,,,1183
2015-04-27,,,,1200
2015-04-28,,,,1209
2015-04-29,,,,1209
2015-04-30,,,,1180
2015-05-01,,,,1176
2015-05-04,,,,1176
2015-05-05,,,,1197
2015-05-06,,,,1194
2015-05-07,,,,1187
2015-05-08,,,,1186
2015-05-11,,,,1189
2015-05-12,,,,1192
2015-05-13,,,,1211
2015-05-14,,,,1225
2015-05-15,,,,1221
2015-05-18,,,,1224
2015-05-19,,,,1214
2015-05-20,,,,1211
2015-05-21,,,,1205
2015-05-22,,,,1204
2015-05-25,,,,1204
2015-05-26,,,,1185
2015-05-27,,,,1186
2015-05-28,,,,1185
2015-05-29,,,,1191
2015-06-01,,,,1200
2015-06-02,,,,1193
2015-06-03,,,,1190
2015-06-04,,,,1176
2015-06-05,,,,1165
2015-06-08,,,,1173
2015-06-09,,,,1177
2015-06-10,,,,1189
2015-06-11,,,,1179
2015-06-12,,,,1183
2015-06-15,,,,1181
2015-06-16,,,,1178
2015-06-17,,,,1178
2015-06-18,,,,1202
2015-06-19,,,,1203
2015-06-22,,,,1186
2015-06-23,,,,1178
2015-06-24,,,,1174
2015-06-25,,,,1173
2015-06-26,,,,1171
2015-06-29,,,,1176
2015-06-30,,,,1171
2015-07-01,,,,1168
2015-07-02,,,,1165
2015-07-03,,,,1168
2015-07-06,,,,1166
2015-07-07,,,,1156
2015-07-08,,,,1159
2015-07-09,,,,1164
2015-07-10,,,,1159
2015-07-13,,,,1154
2015-07-14,,,,1157
2015-07-15,,,,1147
2015-07-16,,,,1144
2015-07-17,,,,1133
2015-07-20,,,,1105
2015-07-21,,,,1106
2015-07-22,,,,1089
2015-07-23,,,,1097
2015-07-24,,,,1081
2015-07-27,,,,1100
2015-07-28,,,,1096
2015-07-29,,,,1090
2015-07-30,,,,1088
2015-07-31,,,,1098
2015-08-03,,,,1092
2015-08-04,,,,1091
2015-08-05,,,,1085
2015-08-06,,,,1090
2015-08-07,,,,1094
2015-08-10,,,,1097
2015-08-11,,,,1108
2015-08-12,,,,1119
2015-08-13,,,,1117
2015-08-14,,,,1118
2015-08-17,,,,1119
2015-08-18,,,,1112
2015-08-19,,,,1126
2015-08-20,,,,1148
2015-08-21,,,,1157
2015-08-24,,,,1167
2015-08-25,,,,1138
2015-08-26,,,,1121
2015-08-27,,,,1119
2015-08-28,,,,1135
2015-08-31,,,,1135
2015-09-01,,,,1142
2015-09-02,,,,1138
2015-09-03,,,,1128
2015-09-04,,,,1118
2015-09-07,,,,1120
2015-09-08,,,,1121
2015-09-09,,,,1110
2015-09-10,,,,1110
2015-09-11,,,,1100
2015-09-14,,,,1105
2015-09-15,,,,1106
2015-09-16,,,,1118
2015-09-17,,,,1118
2015-09-18,,,,1142
2015-09-21,,,,1133
2015-09-22,,,,1123
2015-09-23,,,,1131
2015-09-24,,,,1155
2015-09-25,,,,1147
2015-09-28,,,,1131
2015-09-29,,,,1132
2015-09-30,,,,1114
2015-10-01,,,,1119
2015-10-02,,,,1141
2015-10-05,,,,1140
2015-10-06,,,,1148
2015-10-07,,,,1145
2015-10-08,,,,1140
2015-10-09,,,,1152
2015-10-12,,,,1165
2015-10-13,,,,1165
2015-10-14,,,,1174
2015-10-15,,,,1184
2015-10-16,,,,1181
2015-10-19,,,,1175
2015-10-20,,,,1178
2015-10-21,,,,1167
2015-10-22,,,,1167
2015-10-23,,,,1161
2015-10-26,,,,1166
2015-10-27,,,,1166
2015-10-28,,,,1180
2015-10-29,,,,1149
2015-10-30,,,,1142
2015-11-02,,,,1134
2015-11-03,,,,1123
2015-11-04,,,,1115
2015-11-05,,,,1106
2015-11-06,,,,1089
2015-11-09,,,,1090
2015-11-10,,,,1087
2015-11-11,,,,1086
2015-11-12,,,,1087
2015-11-13,,,,1082
2015-11-16,,,,1085
2015-11-17,,,,1079
2015-11-18,,,,1068
2015-11-19,,,,1083
2015-11-20,,,,1082
2015-11-23,,,,1071
2015-11-24,,,,1076
2015-11-25,,,,1068
2015-11-26,,,,1071
2015-11-27,,,,1057
2015-11-30,,,,1062
2015-12-01,,,,1065
2015-12-02,,,,1055
2015-12-03,,,,1056
2015-12-04,,,,1079
2015-12-07,,,,1076
2015-12-08,,,,1072
2015-12-09,,,,1081
2015-12-10,,,,1071
2015-12-11,,,,1073
2015-12-14,,,,1068
2015-12-15,,,,1062
2015-12-16,,,,1075
2015-12-17,,,,1049
2015-12-18,,,,1063
2015-12-21,,,,1079
2015-12-22,,,,1075
2015-12-23,,,,1068
2015-12-24,,,,1068
2015-12-25,,,,1068
2015-12-28,,,,1068
2015-12-29,,,,1070
2015-12-30,,,,1060
2015-12-31,,,,1060
2016-01-01,,,,1060
2016-01-04,,,,1082
2016-01-05,,,,1077
2016-01-06,,,,1091
2016-01-07,,,,1106
2016-01-08,,,,1102
2016-01-11,,,,1101
2016-01-12,,,,1085
2016-01-13,,,,1088
2016-01-14,,,,1088
2016-01-15,,,,1094
2016-01-18,,,,1089
2016-01-19,,,,1086
2016-01-20,,,,1102
2016-01-21,,,,1097
2016-01-22,,,,1096
2016-01-25,,,,1107
2016-01-26,,,,1114
2016-01-27,,,,1116
2016-01-28,,,,1114
2016-01-29,,,,1112
2016-02-01,,,,1127
2016-02-02,,,,1129
2016-02-03,,,,1132
2016-02-04,,,,1156
2016-02-05,,,,1150
2016-02-08,,,,1193
2016-02-09,,,,1191
2016-02-10,,,,1190
2016-02-11,,,,1241
2016-02-12,,,,1240
2016-02-15,,,,1208
2016-02-16,,,,1210
2016-02-17,,,,1210
2016-02-18,,,,1210
2016-02-19,,,,1231
2016-02-22,,,,1211
2016-02-23,,,,1221
2016-02-24,,,,1251
2016-02-25,,,,1236
2016-02-26,,,,1227
2016-02-29,,,,1235
2016-03-01,,,,1237
2016-03-02,,,,1239
2016-03-03,,,,1250
2016-03-04,,,,1278
2016-03-07,,,,1268
2016-03-08,,,,1267
2016-03-09,,,,1246
2016-03-10,,,,1267
2016-03-11,,,,1265
2016-03-14,,,,1243
2016-03-15,,,,1232
2016-03-16,,,,1229
2016-03-17,,,,1267
2016-03-18,,,,1252
2016-03-21,,,,1245
2016-03-22,,,,1253
2016-03-23,,,,1218
2016-03-24,,,,1221
2016-03-25,,,,1221
2016-03-28,,,,1221
2016-03-29,,,,1226
2016-03-30,,,,1236
2016-03-31,,,,1237
2016-04-01,,,,1214
2016-04-04,,,,1220
2016-04-05,,,,1231
2016-04-06,,,,1221
2016-04-07,,,,1242
2016-04-08,,,,1240
2016-04-11,,,,1255
2016-04-12,,,,1255
2016-04-13,,,,1246
2016-04-14,,,,1234
2016-04-15,,,,1227
2016-04-18,,,,1234
2016-04-19,,,,1255
2016-04-20,,,,1252
2016-04-21,,,,1249
2016-04-22,,,,1243
2016-04-25,,,,1239
2016-04-26,,,,1242
2016-04-27,,,,1247
2016-04-28,,,,1256
2016-04-29,,,,1286
2016-05-02,,,,1286
2016-05-03,,,,1294
2016-05-04,,,,1283
2016-05-05,,,,1280
2016-05-06,,,,1289
2016-05-09,,,,1265
2016-05-10,,,,1263
2016-05-11,,,,1277
2016-05-12,,,,1279
2016-05-13,,,,1266
2016-05-16,,,,1286
2016-05-17,,,,1277
2016-05-18,,,,1273
2016-05-19,,,,1246
2016-05-20,,,,1254
2016-05-23,,,,1246
2016-05-24,,,,1237
2016-05-25,,,,1221
2016-05-26,,,,1224
2016-05-27,,,,1216
2016-05-30,,,,1216
2016-05-31,,,,1212
2016-06-01,,,,1215
2016-06-02,,,,1212
2016-06-03,,,,1241
2016-06-06,,,,1244
2016-06-07,,,,1241
2016-06-08,,,,1263
2016-06-09,,,,1264
2016-06-10,,,,1276
2016-06-13,,,,1281
2016-06-14,,,,1287
2016-06-15,,,,1283
2016-06-16,,,,1311
2016-06-17,,,,1291
2016-06-20,,,,1282
2016-06-21,,,,1273
2016-06-22,,,,1265
2016-06-23,,,,1262
2016-06-24,,,,1316
2016-06-27,,,,1325
2016-06-28,,,,1310
2016-06-29,,,,1322
2016-06-30,,,,1321
2016-07-01,,,,1340
2016-07-04,,,,1351
2016-07-05,,,,1351
2016-07-06,,,,1366
2016-07-07,,,,1357
2016-07-08,,,,1354
2016-07-11,,,,1357
2016-07-12,,,,1342
2016-07-13,,,,1343
2016-07-14,,,,1324
2016-07-15,,,,1327
2016-07-18,,,,1335
2016-07-19,,,,1331
2016-07-20,,,,1316
2016-07-21,,,,1321
2016-07-22,,,,1321
2016-07-25,,,,1313
2016-07-26,,,,1323
2016-07-27,,,,1329
2016-07-28,,,,1342
2016-07-29,,,,1342
2016-08-01,,,,1350
2016-08-02,,,,1364
2016-08-03,,,,1359
2016-08-04,,,,1363
2016-08-05,,,,1340
2016-08-08,,,,1337
2016-08-09,,,,1341
2016-08-10,,,,1348
2016-08-11,,,,1355
2016-08-12,,,,1352
2016-08-15,,,,1339
2016-08-16,,,,1344
2016-08-17,,,,1343
2016-08-18,,,,1350
2016-08-19,,,,1346
2016-08-22,,,,1336
2016-08-23,,,,1342
2016-08-24,,,,1327
2016-08-25,,,,1321
2016-08-26,,,,1319
2016-08-29,,,,1319
2016-08-30,,,,1318
2016-08-31,,,,1309
2016-09-01,,,,1310
2016-09-02,,,,1325
2016-09-05,,,,1326
2016-09-06,,,,1337
2016-09-07,,,,1348
2016-09-08,,,,1343
2016-09-09,,,,1331
2016-09-12,,,,1325
2016-09-13,,,,1324
2016-09-14,,,,1322
2016-09-15,,,,1311
2016-09-16,,,,1308
2016-09-19,,,,1315
2016-09-20,,,,1314
2016-09-21,,,,1326
2016-09-22,,,,1339
2016-09-23,,,,1339
2016-09-26,,,,1341
2016-09-27,,,,1327
2016-09-28,,,,1323
2016-09-29,,,,1318
2016-09-30,,,,1323
2016-10-03,,,,1313
2016-10-04,,,,1283
2016-10-05,,,,1269
2016-10-06,,,,1255
2016-10-07,,,,1259
2016-10-10,,,,1260
2016-10-11,,,,1254
2016-10-12,,,,1257
2016-10-13,,,,1261
2016-10-14,,,,1252
2016-10-17,,,,1255
2016-10-18,,,,1258
2016-10-19,,,,1269
2016-10-20,,,,1272
2016-10-21,,,,1266
2016-10-24,,,,1266
2016-10-25,,,,1269
2016-10-26,,,,1271
2016-10-27,,,,1266
2016-10-28,,,,1273
2016-10-31,,,,1272
2016-11-01,,,,1289
2016-11-02,,,,1304
2016-11-03,,,,1301
2016-11-04,,,,1303
2016-11-07,,,,1283
2016-11-08,,,,1282
2016-11-09,,,,1281
2016-11-10,,,,1268
2016-11-11,,,,1237
2016-11-14,,,,1214
2016-11-15,,,,1227
2016-11-16,,,,1229
2016-11-17,,,,1227
2016-11-18,,,,1211
2016-11-21,,,,1214
2016-11-22,,,,1212
2016-11-23,,,,1185
2016-11-24,,,,1186
2016-11-25,,,,1188
2016-11-28,,,,1187
2016-11-29,,,,1187
2016-11-30,,,,1178
2016-12-01,,,,1162
2016-12-02,,,,1174
2016-12-05,,,,1162
2016-12-06,,,,1173
2016-12-07,,,,1178
2016-12-08,,,,1171
2016-12-09,,,,1164
2016-12-12,,,,1156
2016-12-13,,,,1159
2016-12-14,,,,1162
2016-12-15,,,,1127
2016-12-16,,,,1132
2016-12-19,,,,1136
2016-12-20,,,,1126
2016-12-21,,,,1134
2016-12-22,,,,1131
2016-12-23,,,,1131
2016-12-26,,,,1131
2016-12-27,,,,1131
2016-12-28,,,,1135
2016-12-29,,,,1146
2016-12-30,,,,1146
2017-01-02,,,,1146
2017-01-03,,,,1151
2017-01-04,,,,1164
2017-01-05,,,,1177
2017-01-06,,,,1176
2017-01-09,,,,1179
2017-01-10,,,,1190
2017-01-11,,,,1179
2017-01-12,,,,1205
2017-01-13,,,,1190
2017-01-16,,,,1203
2017-01-17,,,,1216
2017-01-18,,,,1215
2017-01-19,,,,1196
2017-01-20,,,,1201
2017-01-23,,,,1213
2017-01-24,,,,1217
2017-01-25,,,,1195
2017-01-26,,,,1190
2017-01-27,,,,1185
2017-01-30,,,,1193
2017-01-31,,,,1213
2017-02-01,,,,1204
2017-02-02,,,,1222
2017-02-03,,,,1215
2017-02-06,,,,1227
2017-02-07,,,,1231
2017-02-08,,,,1242
2017-02-09,,,,1237
2017-02-10,,,,1228
2017-02-13,,,,1222
2017-02-14,,,,1231
2017-02-15,,,,1224
2017-02-16,,,,1241
2017-02-17,,,,1242
2017-02-20,,,,1237
2017-02-21,,,,1233
2017-02-22,,,,1237
2017-02-23,,,,1248
2017-02-24,,,,1254
2017-02-27,,,,1257
2017-02-28,,,,1256
2017-03-01,,,,1240
2017-03-02,,,,1238
2017-03-03,,,,1227
2017-03-06,,,,1231
2017-03-07,,,,1217
2017-03-08,,,,1209
2017-03-09,,,,1207
2017-03-10,,,,1203
2017-03-13,,,,1204
2017-03-14,,,,1205
2017-03-15,,,,1199
2017-03-16,,,,1229
2017-03-17,,,,1230
2017-03-20,,,,1232
2017-03-21,,,,1242
2017-03-22,,,,1249
2017-03-23,,,,1248
2017-03-24,,,,1248
2017-03-27,,,,1258
2017-03-28,,,,1257
2017-03-29,,,,1251
2017-03-30,,,,1249
2017-03-31,,,,1245
2017-04-03,,,,1247
2017-04-04,,,,1258
2017-04-05,,,,1246
2017-04-06,,,,1253
2017-04-07,,,,1267
2017-04-10,,,,1250
2017-04-11,,,,1253
2017-04-12,,,,1274
2017-04-13,,,,1284
2017-04-14,,,,1284
2017-04-17,,,,1284
2017-04-18,,,,1279
2017-04-19,,,,1279
2017-04-20,,,,1282
2017-04-21,,,,1282
2017-04-24,,,,1269
2017-04-25,,,,1268
2017-04-26,,,,1262
2017-04-27,,,,1263
2017-04-28,,,,1267
2017-05-01,,,,1267
2017-05-02,,,,1256
2017-05-03,,,,1250
2017-05-04,,,,1229
2017-05-05,,,,1228
2017-05-08,,,,1230
2017-05-09,,,,1220
2017-05-10,,,,1223
2017-05-11,,,,1223
2017-05-12,,,,1231
2017-05-15,,,,1233
2017-05-16,,,,1234
2017-05-17,,,,1257
2017-05-18,,,,1256
2017-05-19,,,,1252
2017-05-22,,,,1259
2017-05-23,,,,1260
2017-05-24,,,,1253
2017-05-25,,,,1257
2017-05-26,,,,1265
2017-05-29,,,,1265
2017-05-30,,,,1263
2017-05-31,,,,1266
2017-06-01,,,,1265
2017-06-02,,,,1275
2017-06-05,,,,1280
2017-06-06,,,,1294
2017-06-07,,,,1291
2017-06-08,,,,1273
2017-06-09,,,,1267
2017-06-12,,,,1266
2017-06-13,,,,1262
2017-06-14,,,,1276
2017-06-15,,,,1255
2017-06-16,,,,1255
2017-06-19,,,,1248
2017-06-20,,,,1242
2017-06-21,,,,1243
2017-06-22,,,,1251
2017-06-23,,,,1256
2017-06-26,,,,1245
2017-06-27,,,,1250
2017-06-28,,,,1248
2017-06-29,,,,1244
2017-06-30,,,,1242
2017-07-03,,,,1229
2017-07-04,,,,1224
2017-07-05,,,,1220
2017-07-06,,,,1225
2017-07-07,,,,1216
2017-07-10,,,,1212
2017-07-11,,,,1211
2017-07-12,,,,1219
2017-07-13,,,,1219
2017-07-14,,,,1230
2017-07-17,,,,1234
2017-07-18,,,,1241
2017-07-19,,,,1242
2017-07-20,,,,1239
2017-07-21,,,,1249
2017-07-24,,,,1256
2017-07-25,,,,1254
2017-07-26,,,,1248
2017-07-27,,,,1261
2017-07-28,,,,1265
2017-07-31,,,,1268
2017-08-01,,,,1271
2017-08-02,,,,1270
2017-08-03,,,,1268
2017-08-04,,,,1258
2017-08-07,,,,1258
2017-08-08,,,,1262
2017-08-09,,,,1271
2017-08-10,,,,1284
2017-08-11,,,,1286
2017-08-14,,,,1282
2017-08-15,,,,1270
2017-08-16,,,,1273
2017-08-17,,,,1285
2017-08-18,,,,1296
2017-08-21,,,,1293
2017-08-22,,,,1284
2017-08-23,,,,1287
2017-08-24,,,,1289
2017-08-25,,,,1285
2017-08-28,,,,1285
2017-08-29,,,,1319
2017-08-30,,,,1309
2017-08-31,,,,1312
2017-09-01,,,,1320
2017-09-04,,,,1333
2017-09-05,,,,1336
2017-09-06,,,,1338
2017-09-07,,,,1344
2017-09-08,,,,1346
2017-09-11,,,,1334
2017-09-12,,,,1327
2017-09-13,,,,1328
2017-09-14,,,,1325
2017-09-15,,,,1323
2017-09-18,,,,1312
2017-09-19,,,,1310
2017-09-20,,,,1311
2017-09-21,,,,1292
2017-09-22,,,,1295
2017-09-25,,,,1293
2017-09-26,,,,1300
2017-09-27,,,,1283
2017-09-28,,,,1283
2017-09-29,,,,1283
2017-10-02,,,,1274
2017-10-03,,,,1271
2017-10-04,,,,1274
2017-10-05,,,,1275
2017-10-06,,,,1262
2017-10-09,,,,1279
2017-10-10,,,,1291
2017-10-11,,,,1289
2017-10-12,,,,1290
2017-10-13,,,,1300
2017-10-16,,,,1303
2017-10-17,,,,1285
2017-10-18,,,,1280
2017-10-19,,,,1286
2017-10-20,,,,1281
2017-10-23,,,,1275
2017-10-24,,,,1277
2017-10-25,,,,1275
2017-10-26,,,,1274
2017-10-27,,,,1267
2017-10-30,,,,1272
2017-10-31,,,,1270
2017-11-01,,,,1277
2017-11-02,,,,1279
2017-11-03,,,,1267
2017-11-06,,,,1271
2017-11-07,,,,1276
2017-11-08,,,,1284
2017-11-09,,,,1285
2017-11-10,,,,1284
2017-11-13,,,,1278
2017-11-14,,,,1275
2017-11-15,,,,1282
2017-11-16,,,,1280
2017-11-17,,,,1284
2017-11-20,,,,1286
2017-11-21,,,,1283
2017-11-22,,,,1287
2017-11-23,,,,1290
2017-11-24,,,,1291
2017-11-27,,,,1295
2017-11-28,,,,1292
2017-11-29,,,,1284
2017-11-30,,,,1280
2017-12-01,,,,1276
2017-12-04,,,,1274
2017-12-05,,,,1266
2017-12-06,,,,1264
2017-12-07,,,,1255
2017-12-08,,,,1251
2017-12-11,,,,1247
2017-12-12,,,,1241
2017-12-13,,,,1243
2017-12-14,,,,1251
2017-12-15,,,,1255
2017-12-18,,,,1261
2017-12-19,,,,1260
2017-12-20,,,,1265
2017-12-21,,,,1265
2017-12-22,,,,1265
2017-12-25,,,,1265
2017-12-26,,,,1265
2017-12-27,,,,1279
2017-12-28,,,,1291
2017-12-29,,,,1291
2018-01-01,,,,1291
2018-01-02,,,,1312
2018-01-03,,,,1315
2018-01-04,,,,1315
2018-01-05,,,,1317
2018-01-08,,,,1320
2018-01-09,,,,1311
2018-01-10,,,,1320
2018-01-11,,,,1323
2018-01-12,,,,1327
2018-01-15,,,,1339
2018-01-16,,,,1334
2018-01-17,,,,1336
2018-01-18,,,,1332
2018-01-19,,,,1335
2018-01-22,,,,1333
2018-01-23,,,,1333
2018-01-24,,,,1354
2018-01-25,,,,1355
2018-01-26,,,,1353
2018-01-29,,,,1344
2018-01-30,,,,1345
2018-01-31,,,,1345
2018-02-01,,,,1341
2018-02-02,,,,1331
2018-02-05,,,,1334
2018-02-06,,,,1331
2018-02-07,,,,1325
2018-02-08,,,,1316
2018-02-09,,,,1314
2018-02-12,,,,1322
2018-02-13,,,,1325
2018-02-14,,,,1336
2018-02-15,,,,1353
2018-02-16,,,,1352
2018-02-19,,,,1347
2018-02-20,,,,1340
2018-02-21,,,,1331
2018-02-22,,,,1328
2018-02-23,,,,1328
2018-02-26,,,,1334
2018-02-27,,,,1326
2018-02-28,,,,1318
2018-03-01,,,,1308
2018-03-02,,,,1322
2018-03-05,,,,1320
2018-03-06,,,,1331
2018-03-07,,,,1329
2018-03-08,,,,1321
2018-03-09,,,,1321
2018-03-12,,,,1319
2018-03-13,,,,1323
2018-03-14,,,,1324
2018-03-15,,,,1319
2018-03-16,,,,1310
2018-03-19,,,,1312
2018-03-20,,,,1311
2018-03-21,,,,1321
2018-03-22,,,,1329
2018-03-23,,,,1347
2018-03-26,,,,1352
2018-03-27,,,,1342
2018-03-28,,,,1333
2018-03-29,,,,1324
2018-03-30,,,,1324
2018-04-02,,,,1324
2018-04-03,,,,1334
2018-04-04,,,,1337
2018-04-05,,,,1328
2018-04-06,,,,1331
2018-04-09,,,,1332
2018-04-10,,,,1339
2018-04-11,,,,1351
2018-04-12,,,,1341
2018-04-13,,,,1344
2018-04-16,,,,1349
2018-04-17,,,,1342
2018-04-18,,,,1352
2018-04-19,,,,1349
2018-04-20,,,,1337
2018-04-23,,,,1324
2018-04-24,,,,1329
2018-04-25,,,,1322
2018-04-26,,,,1321
2018-04-27,,,,1322
2018-04-30,,,,1313
2018-05-01,,,,1307
2018-05-02,,,,1304
2018-05-03,,,,1315
2018-05-04,,,,1309
2018-05-07,,,,1309
2018-05-08,,,,1307
2018-05-09,,,,1314
2018-05-10,,,,1319
2018-05-11,,,,1324
2018-05-14,,,,1320
2018-05-15,,,,1295
2018-05-16,,,,1291
2018-05-17,,,,1290
2018-05-18,,,,1288
2018-05-21,,,,1288
2018-05-22,,,,1293
2018-05-23,,,,1289
2018-05-24,,,,1305
2018-05-25,,,,1304
2018-05-28,,,,1304
2018-05-29,,,,1296
2018-05-30,,,,1301
2018-05-31,,,,1305
2018-06-01,,,,1295
2018-06-04,,,,1296
2018-06-05,,,,1292
2018-06-06,,,,1300
2018-06-07,,,,1297
2018-06-08,,,,1298
2018-06-11,,,,1300
2018-06-12,,,,1299
2018-06-13,,,,1296
2018-06-14,,,,1303
2018-06-15,,,,1285
2018-06-18,,,,1282
2018-06-19,,,,1276
2018-06-20,,,,1274
2018-06-21,,,,1266
2018-06-22,,,,1269
2018-06-25,,,,1269
2018-06-26,,,,1260
2018-06-27,,,,1255
2018-06-28,,,,1252
2018-06-29,,,,1251
2018-07-02,,,,1248
2018-07-03,,,,1252
2018-07-04,,,,1256
2018-07-05,,,,1256
2018-07-06,,,,1255
2018-07-09,,,,1262
2018-07-10,,,,1254
2018-07-11,,,,1251
2018-07-12,,,,1246
2018-07-13,,,,1242
2018-07-16,,,,1241
2018-07-17,,,,1233
2018-07-18,,,,1225
2018-07-19,,,,1218
2018-07-20,,,,1229
2018-07-23,,,,1225
2018-07-24,,,,1228
2018-07-25,,,,1232
2018-07-26,,,,1228
2018-07-27,,,,1224
2018-07-30,,,,1224
2018-07-31,,,,1221
2018-08-01,,,,1219
2018-08-02,,,,1216
2018-08-03,,,,1216
2018-08-06,,,,1210
2018-08-07,,,,1212
2018-08-08,,,,1210
2018-08-09,,,,1214
2018-08-10,,,,1214
2018-08-13,,,,1200
2018-08-14,,,,1197
2018-08-15,,,,1182
2018-08-16,,,,1180
2018-08-17,,,,1178
2018-08-20,,,,1184
2018-08-21,,,,1191
2018-08-22,,,,1197
2018-08-23,,,,1192
2018-08-24,,,,1198
2018-08-27,,,,1198
2018-08-28,,,,1212
2018-08-29,,,,1204
2018-08-30,,,,1197
2018-08-31,,,,1203
2018-09-03,,,,1200
2018-09-04,,,,1191
2018-09-05,,,,1197
2018-09-06,,,,1205
2018-09-07,,,,1199
2018-09-10,,,,1197
2018-09-11,,,,1190
2018-09-12,,,,1196
2018-09-13,,,,1210
2018-09-14,,,,1202
2018-09-17,,,,1202
2018-09-18,,,,1200
2018-09-19,,,,1203
2018-09-20,,,,1208
2018-09-21,,,,1199
2018-09-24,,,,1203
2018-09-25,,,,1202
2018-09-26,,,,1194
2018-09-27,,,,1185
2018-09-28,,,,1187
2018-10-01,,,,1189
2018-10-02,,,,1205
2018-10-03,,,,1201
2018-10-04,,,,1204
2018-10-05,,,,1204
2018-10-08,,,,1187
2018-10-09,,,,1186
2018-10-10,,,,1189
2018-10-11,,,,1206
2018-10-12,,,,1220
2018-10-15,,,,1230
2018-10-16,,,,1231
2018-10-17,,,,1229
2018-10-18,,,,1223
2018-10-19,,,,1228
2018-10-22,,,,1222
2018-10-23,,,,1236
2018-10-24,,,,1231
2018-10-25,,,,1231
2018-10-26,,,,1234
2018-10-29,,,,1231
2018-10-30,,,,1225
2018-10-31,,,,1215
2018-11-01,,,,1231
2018-11-02,,,,1232
2018-11-05,,,,1232
2018-11-06,,,,1232
2018-11-07,,,,1230
2018-11-08,,,,1224
2018-11-09,,,,1211
2018-11-12,,,,1206
2018-11-13,,,,1202
2018-11-14,,,,1203
2018-11-15,,,,1212
2018-11-16,,,,1222
2018-11-19,,,,1222
2018-11-20,,,,1223
2018-11-21,,,,1226
2018-11-22,,,,1227
2018-11-23,,,,1224
2018-11-26,,,,1223
2018-11-27,,,,1221
2018-11-28,,,,1213
2018-11-29,,,,1226
2018-11-30,,,,1218
2018-12-03,,,,1230
2018-12-04,,,,1240
2018-12-05,,,,1236
2018-12-06,,,,1243
2018-12-07,,,,1243
2018-12-10,,,,1245
2018-12-11,,,,1245
2018-12-12,,,,1246
2018-12-13,,,,1243
2018-12-14,,,,1235
2018-12-17,,,,1242
2018-12-18,,,,1246
2018-12-19,,,,1255
2018-12-20,,,,1260
2018-12-21,,,,1258
2018-12-24,,,,1258
2018-12-25,,,,1258
2018-12-26,,,,1258
2018-12-27,,,,1268
2018-12-28,,,,1279
2018-12-31,,,,1279
2019-01-01,,,,1279
2019-01-02,,,,1283
2019-01-03,,,,1291
2019-01-04,,,,1280
2019-01-07,,,,1292
2019-01-08,,,,1287
2019-01-09,,,,1289
2019-01-10,,,,1292
2019-01-11,,,,1289
2019-01-14,,,,1293
2019-01-15,,,,1294
2019-01-16,,,,1292
2019-01-17,,,,1291
2019-01-18,,,,1284
2019-01-21,,,,1280
2019-01-22,,,,1282
2019-01-23,,,,1280
2019-01-24,,,,1284
2019-01-25,,,,1294
2019-01-28,,,,1302
2019-01-29,,,,1308
2019-01-30,,,,1311
2019-01-31,,,,1323
2019-02-01,,,,1319
2019-02-04,,,,1312
2019-02-05,,,,1314
2019-02-06,,,,1312
2019-02-07,,,,1310
2019-02-08,,,,1315
2019-02-11,,,,1306
2019-02-12,,,,1310
2019-02-13,,,,1313
2019-02-14,,,,1312
2019-02-15,,,,1317
2019-02-18,,,,1326
2019-02-19,,,,1334
2019-02-20,,,,1344
2019-02-21,,,,1331
2019-02-22,,,,1329
2019-02-25,,,,1331
2019-02-26,,,,1325
2019-02-27,,,,1323
2019-02-28,,,,1319
2019-03-01,,,,1312
2019-03-04,,,,1285
2019-03-05,,,,1284
2019-03-06,,,,1286
2019-03-07,,,,1285
2019-03-08,,,,1297
2019-03-11,,,,1293
2019-03-12,,,,1297
2019-03-13,,,,1307
2019-03-14,,,,1296
2019-03-15,,,,1304
2019-03-18,,,,1306
2019-03-19,,,,1308
2019-03-20,,,,1304
2019-03-21,,,,1310
2019-03-22,,,,1311
2019-03-25,,,,1320
2019-03-26,,,,1316
2019-03-27,,,,1310
2019-03-28,,,,1295
2019-03-29,,,,1295
2019-04-01,,,,1294
2019-04-02,,,,1290
2019-04-03,,,,1291
2019-04-04,,,,1283
2019-04-05,,,,1289
2019-04-08,,,,1300
2019-04-09,,,,1303
2019-04-10,,,,1306
2019-04-11,,,,1299
2019-04-12,,,,1294
2019-04-15,,,,1286
2019-04-16,,,,1276
2019-04-17,,,,1276
2019-04-18,,,,1276
2019-04-19,,,,1276
2019-04-22,,,,1276
2019-04-23,,,,1270
2019-04-24,,,,1272
2019-04-25,,,,1281
2019-04-26,,,,1284
2019-04-29,,,,1280
2019-04-30,,,,1282
2019-05-01,,,,1284
2019-05-02,,,,1271
2019-05-03,,,,1279
2019-05-06,,,,1279
2019-05-07,,,,1281
2019-05-08,,,,1285
2019-05-09,,,,1286
2019-05-10,,,,1287
2019-05-13,,,,1296
2019-05-14,,,,1298
2019-05-15,,,,1299
2019-05-16,,,,1292
2019-05-17,,,,1281
2019-05-20,,,,1277
2019-05-21,,,,1271
2019-05-22,,,,1274
2019-05-23,,,,1284
2019-05-24,,,,1283
2019-05-27,,,,1283
2019-05-28,,,,1278
2019-05-29,,,,1282
2019-05-30,,,,1281
2019-05-31,,,,1296
2019-06-03,,,,1317
2019-06-04,,,,1324
2019-06-05,,,,1335
2019-06-06,,,,1336
2019-06-07,,,,1341
2019-06-10,,,,1329
2019-06-11,,,,1324
2019-06-12,,,,1332
2019-06-13,,,,1336
2019-06-14,,,,1351
2019-06-17,,,,1341
2019-06-18,,,,1341
2019-06-19,,,,1344
2019-06-20,,,,1380
2019-06-21,,,,1397
2019-06-24,,,,1406
2019-06-25,,,,1431
2019-06-26,,,,1404
2019-06-27,,,,1403
2019-06-28,,,,1409
2019-07-01,,,,1390
2019-07-02,,,,1391
2019-07-03,,,,1414
2019-07-04,,,,1415
2019-07-05,,,,1389
2019-07-08,,,,1400
2019-07-09,,,,1392
2019-07-10,,,,1408
2019-07-11,,,,1414
2019-07-12,,,,1408
2019-07-15,,,,1412
2019-07-16,,,,1410
2019-07-17,,,,1410
2019-07-18,,,,1418
2019-07-19,,,,1440
2019-07-22,,,,1428
2019-07-23,,,,1426
2019-07-24,,,,1427
2019-07-25,,,,1416
2019-07-26,,,,1420
2019-07-29,,,,1419
2019-07-30,,,,1426
2019-07-31,,,,1428
2019-08-01,,,,1407
2019-08-02,,,,1442
2019-08-05,,,,1465
2019-08-06,,,,1465
2019-08-07,,,,1506
2019-08-08,,,,1496
2019-08-09,,,,1498
2019-08-12,,,,1505
2019-08-13,,,,1498
2019-08-14,,,,1513
2019-08-15,,,,1516
2019-08-16,,,,1515
2019-08-19,,,,1497
2019-08-20,,,,1505
2019-08-21,,,,1503
2019-08-22,,,,1502
2019-08-23,,,,1504
2019-08-26,,,,1504
2019-08-27,,,,1533
2019-08-28,,,,1537
2019-08-29,,,,1540
2019-08-30,,,,1528
2019-09-02,,,,1526
2019-09-03,,,,1538
2019-09-04,,,,1546
2019-09-05,,,,1529
2019-09-06,,,,1524
2019-09-09,,,,1509
2019-09-10,,,,1498
2019-09-11,,,,1491
2019-09-12,,,,1515
2019-09-13,,,,1503
2019-09-16,,,,1497
2019-09-17,,,,1502
2019-09-18,,,,1504
2019-09-19,,,,1501
2019-09-20,,,,1502
2019-09-23,,,,1522
2019-09-24,,,,1521
2019-09-25,,,,1529
2019-09-26,,,,1506
2019-09-27,,,,1490
2019-09-30,,,,1485
2019-10-01,,,,1474
2019-10-02,,,,1493
2019-10-03,,,,1517
2019-10-04,,,,1499
2019-10-07,,,,1501
2019-10-08,,,,1506
2019-10-09,,,,1507
2019-10-10,,,,1495
2019-10-11,,,,1479
2019-10-14,,,,1491
2019-10-15,,,,1488
2019-10-16,,,,1485
2019-10-17,,,,1493
2019-10-18,,,,1490
2019-10-21,,,,1492
2019-10-22,,,,1485
2019-10-23,,,,1495
2019-10-24,,,,1497
2019-10-25,,,,1514
2019-10-28,,,,1492
2019-10-29,,,,1487
2019-10-30,,,,1492
2019-10-31,,,,1511
2019-11-01,,,,1509
2019-11-04,,,,1510
2019-11-05,,,,1489
2019-11-06,,,,1486
2019-11-07,,,,1484
2019-11-08,,,,1464
2019-11-11,,,,1459
2019-11-12,,,,1452
2019-11-13,,,,1463
2019-11-14,,,,1467
2019-11-15,,,,1467
2019-11-18,,,,1468
2019-11-19,,,,1469
2019-11-20,,,,1472
2019-11-21,,,,1467
2019-11-22,,,,1465
2019-11-25,,,,1458
2019-11-26,,,,1455
2019-11-27,,,,1454
2019-11-28,,,,1455
2019-11-29,,,,1460
2019-12-02,,,,1461
2019-12-03,,,,1477
2019-12-04,,,,1475
2019-12-05,,,,1476
2019-12-06,,,,1460
2019-12-09,,,,1462
2019-12-10,,,,1465
2019-12-11,,,,1467
2019-12-12,,,,1468
2019-12-13,,,,1467
2019-12-16,,,,1478
2019-12-17,,,,1476
2019-12-18,,,,1474
2019-12-19,,,,1477
2019-12-20,,,,1479
2019-12-23,,,,1482
2019-12-24,,,,1482
2019-12-25,,,,1482
2019-12-26,,,,1482
2019-12-27,,,,1512
2019-12-30,,,,1515
2019-12-31,,,,1515
2020-01-01,,,,1515
2020-01-02,,,,1527
2020-01-03,,,,1549
2020-01-06,,,,1573
2020-01-07,,,,1568
2020-01-08,,,,1572
2020-01-09,,,,1551
2020-01-10,,,,1554
2020-01-13,,,,1550
2020-01-14,,,,1545
2020-01-15,,,,1549
2020-01-16,,,,1555
2020-01-17,,,,1558
2020-01-20,,,,1560
2020-01-21,,,,1551
2020-01-22,,,,1557
2020-01-23,,,,1563
2020-01-24,,,,1564
2020-01-27,,,,1580
2020-01-28,,,,1574
2020-01-29,,,,1574
2020-01-30,,,,1578
2020-01-31,,,,1584
2020-02-03,,,,1575
2020-02-04,,,,1558
2020-02-05,,,,1553
2020-02-06,,,,1563
2020-02-07,,,,1573
2020-02-10,,,,1573
2020-02-11,,,,1571
2020-02-12,,,,1564
2020-02-13,,,,1575
2020-02-14,,,,1581
2020-02-17,,,,1581
2020-02-18,,,,1590
2020-02-19,,,,1604
2020-02-20,,,,1619
2020-02-21,,,,1643
2020-02-24,,,,1672
2020-02-25,,,,1650
2020-02-26,,,,1635
2020-02-27,,,,1652
2020-02-28,,,,1610
2020-03-02,,,,1600
2020-03-03,,,,1616
2020-03-04,,,,1642
2020-03-05,,,,1660
2020-03-06,,,,1684
2020-03-09,,,,1673
2020-03-10,,,,1656
2020-03-11,,,,1654
2020-03-12,,,,1571
2020-03-13,,,,1563
2020-03-16,,,,1488
2020-03-17,,,,1536
2020-03-18,,,,1498
2020-03-19,,,,1474
2020-03-20,,,,1494
2020-03-23,,,,1525
2020-03-24,,,,1606
2020-03-25,,,,1606
2020-03-26,,,,1635
2020-03-27,,,,1617
2020-03-30,,,,1618
2020-03-31,,,,1609
2020-04-01,,,,1577
2020-04-02,,,,1617
2020-04-03,,,,1613
2020-04-06,,,,1648
2020-04-07,,,,1649
2020-04-08,,,,1648
2020-04-09,,,,1681
2020-04-10,,,,1681
2020-04-13,,,,1681
2020-04-14,,,,1742
2020-04-15,,,,1719
2020-04-16,,,,1730
2020-04-17,,,,1693
2020-04-20,,,,1686
2020-04-21,,,,1682
2020-04-22,,,,1711
2020-04-23,,,,1736
2020-04-24,,,,1716
2020-04-27,,,,1715
2020-04-28,,,,1692
2020-04-29,,,,1703
2020-04-30,,,,1703
2020-05-01,,,,1686
2020-05-04,,,,1709
2020-05-05,,,,1700
2020-05-06,,,,1692
2020-05-07,,,,1704
2020-05-08,,,,1704
2020-05-11,,,,1703
2020-05-12,,,,1702
2020-05-13,,,,1708
2020-05-14,,,,1732
2020-05-15,,,,1735
2020-05-18,,,,1735
2020-05-19,,,,1738
2020-05-20,,,,1748
2020-05-21,,,,1725
2020-05-22,,,,1734
2020-05-25,,,,1734
2020-05-26,,,,1720
2020-05-27,,,,1695
2020-05-28,,,,1717
2020-05-29,,,,1729
2020-06-01,,,,1731
2020-06-02,,,,1742
2020-06-03,,,,1705
2020-06-04,,,,1700
2020-06-05,,,,1684
2020-06-08,,,,1690
2020-06-09,,,,1714
2020-06-10,,,,1722
2020-06-11,,,,1738
2020-06-12,,,,1734
2020-06-15,,,,1711
2020-06-16,,,,1720
2020-06-17,,,,1724
2020-06-18,,,,1720
2020-06-19,,,,1735
2020-06-22,,,,1762
2020-06-23,,,,1769
2020-06-24,,,,1766
2020-06-25,,,,1757
2020-06-26,,,,1748
2020-06-29,,,,1772
2020-06-30,,,,1768
2020-07-01,,,,1771
2020-07-02,,,,1778
2020-07-03,,,,1773
2020-07-06,,,,1788
2020-07-07,,,,1790
2020-07-08,,,,1811
2020-07-09,,,,1812
2020-07-10,,,,1803
2020-07-13,,,,1808
2020-07-14,,,,1802
2020-07-15,,,,1805
2020-07-16,,,,1808
2020-07-17,,,,1807
2020-07-20,,,,1816
2020-07-21,,,,1843
2020-07-22,,,,1852
2020-07-23,,,,1878
2020-07-24,,,,1902
2020-07-27,,,,1937
2020-07-28,,,,1941
2020-07-29,,,,1951
2020-07-30,,,,1958
2020-07-31,,,,1965
2020-08-03,,,,1959
2020-08-04,,,,1978
2020-08-05,,,,2048
2020-08-06,,,,2067
2020-08-07,,,,2031
2020-08-10,,,,2045
2020-08-11,,,,1940
2020-08-12,,,,1932
2020-08-13,,,,1944
2020-08-14,,,,1945
2020-08-17,,,,1973
2020-08-18,,,,2009
2020-08-19,,,,1981
2020-08-20,,,,1927
2020-08-21,,,,1924
2020-08-24,,,,1944
2020-08-25,,,,1911
2020-08-26,,,,1933
2020-08-27,,,,1924
2020-08-28,,,,1957
2020-08-31,,,,1957
2020-09-01,,,,1972
2020-09-02,,,,1947
2020-09-03,,,,1941
2020-09-04,,,,1926
2020-09-07,,,,1929
2020-09-08,,,,1911
2020-09-09,,,,1947
2020-09-10,,,,1966
2020-09-11,,,,1947
2020-09-14,,,,1959
2020-09-15,,,,1949
2020-09-16,,,,1962
2020-09-17,,,,1936
2020-09-18,,,,1951
2020-09-21,,,,1909
2020-09-22,,,,1906
2020-09-23,,,,1873
2020-09-24,,,,1862
2020-09-25,,,,1860
2020-09-28,,,,1864
2020-09-29,,,,1884
2020-09-30,,,,1887
2020-10-01,,,,1902
2020-10-02,,,,1903
2020-10-05,,,,1910
2020-10-06,,,,1913
2020-10-07,,,,1885
2020-10-08,,,,1888
2020-10-09,,,,1923
2020-10-12,,,,1926
2020-10-13,,,,1891
2020-10-14,,,,1910
2020-10-15,,,,1892
2020-10-16,,,,1905
2020-10-19,,,,1906
2020-10-20,,,,1898
2020-10-21,,,,1924
2020-10-22,,,,1901
2020-10-23,,,,1904
2020-10-26,,,,1899
2020-10-27,,,,1906
2020-10-28,,,,1870
2020-10-29,,,,1870
2020-10-30,,,,1882
2020-11-02,,,,1890
2020-11-03,,,,1908
2020-11-04,,,,1900
2020-11-05,,,,1939
2020-11-06,,,,1941
2020-11-09,,,,1867
2020-11-10,,,,1879
2020-11-11,,,,1861
2020-11-12,,,,1875
2020-11-13,,,,1891
2020-11-16,,,,1886
2020-11-17,,,,1889
2020-11-18,,,,1876
2020-11-19,,,,1857
2020-11-20,,,,1876
2020-11-23,,,,1840
2020-11-24,,,,1800
2020-11-25,,,,1810
2020-11-26,,,,1807
2020-11-27,,,,1779
2020-11-30,,,,1763
2020-12-01,,,,1811
2020-12-02,,,,1823
2020-12-03,,,,1832
2020-12-04,,,,1843
2020-12-07,,,,1860
2020-12-08,,,,1868
2020-12-09,,,,1842
2020-12-10,,,,1844
2020-12-11,,,,1842
2020-12-14,,,,1831
2020-12-15,,,,1851
2020-12-16,,,,1852
2020-12-17,,,,1891
2020-12-18,,,,1880
2020-12-21,,,,1880
2020-12-22,,,,1877
2020-12-23,,,,1875
2020-12-24,,,,1875
2020-12-25,,,,1875
2020-12-28,,,,1875
2020-12-29,,,,1874
2020-12-30,,,,1888
2020-12-31,,,,1888
2021-01-01,,,,1888
2021-01-04,,,,1943
2021-01-05,,,,1940
2021-01-06,,,,1932
2021-01-07,,,,1920
2021-01-08,,,,1863
2021-01-11,,,,1847
2021-01-12,,,,1841
2021-01-13,,,,1859
2021-01-14,,,,1842
2021-01-15,,,,1839
2021-01-18,,,,1833
2021-01-19,,,,1835
2021-01-20,,,,1857
2021-01-21,,,,1862
2021-01-22,,,,1853
2021-01-25,,,,1857
2021-01-26,,,,1857
2021-01-27,,,,1843
2021-01-28,,,,1854
2021-01-29,,,,1864
2021-02-01,,,,1863
2021-02-02,,,,1833
2021-02-03,,,,1836
2021-02-04,,,,1786
2021-02-05,,,,1803
2021-02-08,,,,1835
2021-02-09,,,,1840
2021-02-10,,,,1843
2021-02-11,,,,1840
2021-02-12,,,,1816
2021-02-15,,,,1817
2021-02-16,,,,1794
2021-02-17,,,,1781
2021-02-18,,,,1773
2021-02-19,,,,1786
2021-02-22,,,,1808
2021-02-23,,,,1800
2021-02-24,,,,1788
2021-02-25,,,,1780
2021-02-26,,,,1743
2021-03-01,,,,1734
2021-03-02,,,,1724
2021-03-03,,,,1711
2021-03-04,,,,1712
2021-03-05,,,,1696
2021-03-08,,,,1687
2021-03-09,,,,1717
2021-03-10,,,,1716
2021-03-11,,,,1724
2021-03-12,,,,1705
2021-03-15,,,,1724
2021-03-16,,,,1735
2021-03-17,,,,1730
2021-03-18,,,,1726
2021-03-19,,,,1735
2021-03-22,,,,1736
2021-03-23,,,,1726
2021-03-24,,,,1731
2021-03-25,,,,1737
2021-03-26,,,,1732
2021-03-29,,,,1706
2021-03-30,,,,1684
2021-03-31,,,,1691
2021-04-01,,,,1726
2021-04-02,,,,1726
2021-04-05,,,,1726
2021-04-06,,,,1745
2021-04-07,,,,1738
2021-04-08,,,,1756
2021-04-09,,,,1741
2021-04-12,,,,1733
2021-04-13,,,,1748
2021-04-14,,,,1736
2021-04-15,,,,1757
2021-04-16,,,,1775
2021-04-19,,,,1775
2021-04-20,,,,1778
2021-04-21,,,,1798
2021-04-22,,,,1788
2021-04-23,,,,1782
2021-04-26,,,,1773
2021-04-27,,,,1784
2021-04-28,,,,1772
2021-04-29,,,,1763
2021-04-30,,,,1768
2021-05-03,,,,1768
2021-05-04,,,,1798
2021-05-05,,,,1782
2021-05-06,,,,1813
2021-05-07,,,,1837
2021-05-10,,,,1841
2021-05-11,,,,1829
2021-05-12,,,,1831
2021-05-13,,,,1822
2021-05-14,,,,1838
2021-05-17,,,,1854
2021-05-18,,,,1867
2021-05-19,,,,1889
2021-05-20,,,,1878
2021-05-21,,,,1876
2021-05-24,,,,1880
2021-05-25,,,,1887
2021-05-26,,,,1900
2021-05-27,,,,1892
2021-05-28,,,,1900
2021-05-31,,,,1900
2021-06-01,,,,1899
2021-06-02,,,,1903
2021-06-03,,,,1867
2021-06-04,,,,1891
2021-06-07,,,,1888
2021-06-08,,,,1893
2021-06-09,,,,1895
2021-06-10,,,,1889
2021-06-11,,,,1881
2021-06-14,,,,1866
2021-06-15,,,,1865
2021-06-16,,,,1861
2021-06-17,,,,1779
2021-06-18,,,,1773
2021-06-21,,,,1775
2021-06-22,,,,1775
2021-06-23,,,,1792
2021-06-24,,,,1785
2021-06-25,,,,1787
2021-06-28,,,,1780
2021-06-29,,,,1756
2021-06-30,,,,1763
2021-07-01,,,,1782
2021-07-02,,,,1786
2021-07-05,,,,1791
2021-07-06,,,,1810
2021-07-07,,,,1805
2021-07-08,,,,1808
2021-07-09,,,,1806
2021-07-12,,,,1792
2021-07-13,,,,1814
2021-07-14,,,,1823
2021-07-15,,,,1824
2021-07-16,,,,1824
2021-07-19,,,,1815
2021-07-20,,,,1823
2021-07-21,,,,1802
2021-07-22,,,,1800
2021-07-23,,,,1800
2021-07-26,,,,1800
2021-07-27,,,,1800
2021-07-28,,,,1797
2021-07-29,,,,1829
2021-07-30,,,,1826
2021-08-02,,,,1812
2021-08-03,,,,1813
2021-08-04,,,,1829
2021-08-05,,,,1801
2021-08-06,,,,1763
2021-08-09,,,,1739
2021-08-10,,,,1723
2021-08-11,,,,1744
2021-08-12,,,,1747
2021-08-13,,,,1774
2021-08-16,,,,1786
2021-08-17,,,,1790
2021-08-18,,,,1784
2021-08-19,,,,1782
2021-08-20,,,,1779
2021-08-23,,,,1802
2021-08-24,,,,1809
2021-08-25,,,,1789
2021-08-26,,,,1787
2021-08-27,,,,1799
2021-08-30,,,,1799
2021-08-31,,,,1815
2021-09-01,,,,1812
2021-09-02,,,,1813
2021-09-03,,,,1824
2021-09-06,,,,1822
2021-09-07,,,,1802
2021-09-08,,,,1786
2021-09-09,,,,1788
2021-09-10,,,,1795
2021-09-13,,,,1794
2021-09-14,,,,1793
2021-09-15,,,,1797
2021-09-16,,,,1748
2021-09-17,,,,1756
2021-09-20,,,,1758
2021-09-21,,,,1775
2021-09-22,,,,1773
2021-09-23,,,,1750
2021-09-24,,,,1747
2021-09-27,,,,1755
2021-09-28,,,,1734
2021-09-29,,,,1737
2021-09-30,,,,1743
2021-10-01,,,,1757
2021-10-04,,,,1755
2021-10-05,,,,1753
2021-10-06,,,,1760
2021-10-07,,,,1762
2021-10-08,,,,1773
2021-10-11,,,,1758
2021-10-12,,,,1768
2021-10-13,,,,1786
2021-10-14,,,,1799
2021-10-15,,,,1773
2021-10-18,,,,1768
2021-10-19,,,,1780
2021-10-20,,,,1778
2021-10-21,,,,1779
2021-10-22,,,,1808
2021-10-25,,,,1805
2021-10-26,,,,1786
2021-10-27,,,,1795
2021-10-28,,,,1804
2021-10-29,,,,1769
2021-11-01,,,,1794
2021-11-02,,,,1791
2021-11-03,,,,1764
2021-11-04,,,,1796
2021-11-05,,,,1802
2021-11-08,,,,1822
2021-11-09,,,,1827
2021-11-10,,,,1859
2021-11-11,,,,1858
2021-11-12,,,,1861
2021-11-15,,,,1860
2021-11-16,,,,1859
2021-11-17,,,,1865
2021-11-18,,,,1860
2021-11-19,,,,1861
2021-11-22,,,,1816
2021-11-23,,,,1789
2021-11-24,,,,1782
2021-11-25,,,,1788
2021-11-26,,,,1801
2021-11-29,,,,1786
2021-11-30,,,,1804
2021-12-01,,,,1789
2021-12-02,,,,1765
2021-12-03,,,,1768
2021-12-06,,,,1779
2021-12-07,,,,1781
2021-12-08,,,,1784
2021-12-09,,,,1776
2021-12-10,,,,1780
2021-12-13,,,,1788
2021-12-14,,,,1777
2021-12-15,,,,1769
2021-12-16,,,,1796
2021-12-17,,,,1808
2021-12-20,,,,1796
2021-12-21,,,,1794
2021-12-22,,,,1793
2021-12-23,,,,1805
2021-12-24,,,,1805
2021-12-27,,,,1805
2021-12-28,,,,1805
2021-12-29,,,,1794
2021-12-30,,,,1806
2021-12-31,,,,1806
2022-01-03,,,,1806
2022-01-04,,,,1811
2022-01-05,,,,1826
2022-01-06,,,,1789
2022-01-07,,,,1793
2022-01-10,,,,1794
2022-01-11,,,,1807
2022-01-12,,,,1821
2022-01-13,,,,1820
2022-01-14,,,,1823
2022-01-17,,,,1818
2022-01-18,,,,1817
2022-01-19,,,,1827
2022-01-20,,,,1845
